V&7,R&11605
V&7,R&11605
V&7,R&11605
,
V&7,R&9643
V&7,R&11605
V&7,R&11605
V&7,R&11605
,
V&6,R&11605
V&6,R&11605
V&6,R&13623
V&6,R&11605
,
V&7,R&11605
V&7,R&4066
V&7,R&4066
V&7,R&2304
,
V&7,R&-1085
V&7,R&-5858
V&8,R&-8850
V&8,R&-8850
,
V&8,R&-7372
V&8,R&-5858
V&8,R&-7372
V&7,R&-5858
,
V&8,R&-10293
V&8,R&-10293
V&8,R&-13079
V&8,R&-14425
,
V&8,R&-13079
V&8,R&-11703
V&8,R&-11703
V&8,R&-10293
,
V&8,R&-8850
V&8,R&-10293
V&8,R&-10293
V&8,R&-10293
,
V&8,R&-11703
V&8,R&-11703
V&8,R&-11703
V&8,R&-10293
,
V&8,R&-10293
V&8,R&-8850
V&8,R&-8850
V&8,R&-10293
,
V&8,R&-8850
V&8,R&-8850
V&8,R&-8850
V&8,R&-8850
,
V&8,R&-8850
V&8,R&-7372
V&8,R&-7372
V&8,R&-4307
,
V&8,R&-5858
V&8,R&-7372
V&7,R&-5858
V&7,R&-7372
,
V&7,R&-4307
V&7,R&-4307
V&7,R&-5858
V&7,R&-4307
,
V&7,R&-5858
V&7,R&-5858
V&7,R&-11703
V&7,R&-4307
,
V&7,R&-5858
V&7,R&-5858
V&7,R&-4307
V&7,R&-4307
,
V&7,R&-5858
V&7,R&-4307
V&7,R&-4307
V&7,R&-4307
,
V&8,R&-5858
V&8,R&-8850
V&8,R&-10293
V&8,R&-11703
,
V&8,R&-10293
V&8,R&-14425
V&8,R&-4307
V&8,R&-8850
,
V&8,R&-10293
V&8,R&-10293
V&8,R&-11703
V&8,R&-11703
,
V&8,R&-8850
V&8,R&-8850
V&8,R&-8850
V&8,R&-10293
,
V&8,R&-10293
V&8,R&-8850
V&8,R&-8850
V&8,R&-8850
,
V&8,R&-8850
V&8,R&-7372
V&8,R&-8850
V&8,R&-7372
,
V&8,R&-8850
V&8,R&-13079
V&8,R&-7372
V&8,R&-7372
,
V&7,R&-5858
V&7,R&-7372
V&8,R&-7372
V&7,R&-5858
,
V&8,R&-7372
V&8,R&-13079
V&8,R&-15740
V&8,R&-17026
,
V&8,R&-17026
V&8,R&-15740
V&8,R&-15740
V&8,R&-14425
,
V&8,R&-18283
V&8,R&-19513
V&8,R&-18283
V&8,R&-17026
,
V&8,R&-15740
V&8,R&-11703
V&8,R&-14425
V&8,R&-13079
,
V&8,R&-14425
V&8,R&-14425
V&8,R&-13079
V&8,R&-18283
,
V&8,R&-13079
V&8,R&-13079
V&8,R&-13079
V&9,R&-13079
,
V&8,R&-11703
V&8,R&-11703
V&8,R&-11703
V&8,R&-11703
,
V&8,R&-10293
V&8,R&-10293
V&8,R&-7372
V&8,R&-8850
,
V&8,R&-8850
V&8,R&-8850
V&8,R&-10293
V&8,R&-10293
,
V&8,R&-11703
V&8,R&-13079
V&8,R&-15740
V&8,R&-13079
,
V&8,R&-11703
V&8,R&-10293
V&8,R&-10293
V&8,R&-10293
,
V&8,R&-10293
V&8,R&-10293
V&8,R&-11703
V&8,R&-10293
,
V&8,R&-13079
V&8,R&-13079
V&8,R&-14425
V&8,R&-11703
,
V&8,R&-11703
V&8,R&-11703
V&8,R&-11703
V&8,R&-11703
,
V&8,R&-10293
V&8,R&-10293
V&8,R&-10293
V&8,R&-13079
,
V&8,R&-8850
V&8,R&-15740
V&8,R&-11703
V&8,R&-8850
,
V&8,R&-14425
V&8,R&-15740
V&8,R&-18283
V&8,R&-19513
,
V&9,R&-21894
V&9,R&-23047
V&9,R&-24176
V&9,R&-24176
,
V&9,R&-24176
V&9,R&-23047
V&9,R&-23047
V&9,R&-21894
,
V&9,R&-23047
V&9,R&-19513
V&9,R&-20717
V&9,R&-20717
,
V&9,R&-20717
V&9,R&-21894
V&9,R&-23047
V&9,R&-21894
,
V&9,R&-24176
V&9,R&-25281
V&9,R&-28465
V&9,R&-28465
,
V&9,R&-26364
V&9,R&-25281
V&9,R&-26364
V&9,R&-25281
,
V&9,R&-24176
V&9,R&-24176
V&9,R&-25281
V&9,R&-24176
,
V&9,R&-23047
V&9,R&-23047
V&9,R&-24176
V&9,R&-23047
,
V&9,R&-23047
V&9,R&-23047
V&9,R&-23047
V&9,R&-27425
,
V&10,R&-30483
V&10,R&-31462
V&10,R&-31462
V&9,R&-30483
,
V&9,R&-29484
V&9,R&-27425
V&9,R&-27425
V&9,R&-27425
,
V&9,R&-27425
V&9,R&-26364
V&9,R&-32423
V&9,R&-27425
